<?xml version="1.0" encoding="UTF-8"?>
<project-private xmlns="http://www.netbeans.org/ns/project-private/1">
    <editor-bookmarks xmlns="http://www.netbeans.org/ns/editor-bookmarks/2" lastBookmarkId="0"/>
    <open-files xmlns="http://www.netbeans.org/ns/projectui-open-files/2">
        <group>
            <file>file:/C:/Users/nguye/OneDrive/Documents/FPT%20DOCS/BookManagementUpdate4/BookManagementUpdate3/BookManagement/src/LendingList.java</file>
            <file>file:/C:/Users/nguye/OneDrive/Documents/FPT%20DOCS/BookManagementUpdate4/BookManagementUpdate3/BookManagement/src/Main.java</file>
            <file>file:/C:/Users/nguye/OneDrive/Documents/FPT%20DOCS/BookManagementUpdate4/BookManagementUpdate3/BookManagement/src/Reader.java</file>
            <file>file:/C:/Users/nguye/OneDrive/Documents/FPT%20DOCS/BookManagementUpdate4/BookManagementUpdate3/BookManagement/src/Lending.java</file>
            <file>file:/C:/Users/nguye/OneDrive/Documents/FPT%20DOCS/BookManagementUpdate4/BookManagementUpdate3/BookManagement/src/Book.java</file>
            <file>file:/C:/Users/nguye/OneDrive/Documents/FPT%20DOCS/BookManagementUpdate4/BookManagementUpdate3/BookManagement/src/BookList.java</file>
            <file>file:/C:/Users/nguye/OneDrive/Documents/FPT%20DOCS/BookManagementUpdate4/BookManagementUpdate3/BookManagement/src/ReaderList.java</file>
        </group>
    </open-files>
</project-private>
